GSM	sample_id
GSM3319743	1001-Bulk_B-U
GSM3319744	1001-Bulk_B-S
GSM3319745	1001-Mem_B-U
GSM3319746	1001-Mem_B-S
GSM3319747	1001-Naive_B-U
GSM3319748	1001-Naive_B-S
GSM3319749	1001-Plasmablasts-U
GSM3319750	1001-CD8pos_T-U
GSM3319751	1001-CD8pos_T-S
GSM3319752	1001-Central_memory_CD8pos_T-U
GSM3319753	1001-Central_memory_CD8pos_T-S
GSM3319754	1001-Effector_memory_CD8pos_T-U
GSM3319755	1001-Effector_memory_CD8pos_T-S
GSM3319756	1001-Naive_CD8_T-U
GSM3319757	1001-Naive_CD8_T-S
GSM3319758	1001-Gamma_delta_T-U
GSM3319759	1001-Gamma_delta_T-S
GSM3319760	1001-Effector_CD4pos_T-U
GSM3319761	1001-Effector_CD4pos_T-S
GSM3319762	1001-Follicular_T_Helper-U
GSM3319763	1001-Follicular_T_Helper-S
GSM3319764	1001-Memory_Teffs-U
GSM3319765	1001-Memory_Teffs-S
GSM3319766	1001-Memory_Tregs-U
GSM3319767	1001-Memory_Tregs-S
GSM3319768	1001-Naive_Teffs-U
GSM3319769	1001-Naive_Teffs-S
GSM3319770	1001-Naive_Tregs-U
GSM3319771	1001-Regulatory_T-U
GSM3319772	1001-Regulatory_T-S
GSM3319773	1001-Th1_precursors-U
GSM3319774	1001-Th1_precursors-S
GSM3319775	1001-Th17_precursors-U
GSM3319776	1001-Th17_precursors-S
GSM3319777	1001-Th2_precursors-U
GSM3319778	1001-Th2_precursors-S
GSM3319779	1001-Mature_NK-U
GSM3319780	1001-Mature_NK-S
GSM3319781	1001-Monocytes-U
GSM3319782	1001-Monocytes-S
GSM3319783	1001-Myeloid_DCs-U
GSM3319784	1001-pDCs-U
GSM3319785	1002-Bulk_B-U
GSM3319786	1002-Bulk_B-S
GSM3319787	1002-Mem_B-U
GSM3319788	1002-Mem_B-S
GSM3319789	1002-Naive_B-U
GSM3319790	1002-CD8pos_T-U
GSM3319791	1002-CD8pos_T-S
GSM3319792	1002-Central_memory_CD8pos_T-S
GSM3319793	1002-Effector_memory_CD8pos_T-U
GSM3319794	1002-Effector_memory_CD8pos_T-S
GSM3319795	1002-Naive_CD8_T-U
GSM3319796	1002-Naive_CD8_T-S
GSM3319797	1002-Gamma_delta_T-U
GSM3319798	1002-Effector_CD4pos_T-S
GSM3319799	1002-Follicular_T_Helper-U
GSM3319800	1002-Follicular_T_Helper-S
GSM3319801	1002-Memory_Teffs-U
GSM3319802	1002-Memory_Teffs-S
GSM3319803	1002-Memory_Tregs-S
GSM3319804	1002-Naive_Teffs-U
GSM3319805	1002-Naive_Teffs-S
GSM3319806	1002-Regulatory_T-U
GSM3319807	1002-Regulatory_T-S
GSM3319808	1002-Th1_precursors-U
GSM3319809	1002-Th1_precursors-S
GSM3319810	1002-Th17_precursors-U
GSM3319811	1002-Th17_precursors-S
GSM3319812	1002-Th2_precursors-U
GSM3319813	1002-Th2_precursors-S
GSM3319814	1002-Mature_NK-U
GSM3319815	1002-Mature_NK-S
GSM3319816	1002-Memory_NK-U
GSM3319817	1002-Monocytes-U
GSM3319818	1002-Monocytes-S
GSM3319819	1002-Myeloid_DCs-U
GSM3319820	1003-Bulk_B-U
GSM3319821	1003-Bulk_B-S
GSM3319822	1003-Mem_B-S
GSM3319823	1003-Naive_B-S
GSM3319824	1003-CD8pos_T-U
GSM3319825	1003-CD8pos_T-S
GSM3319826	1003-Central_memory_CD8pos_T-U
GSM3319827	1003-Central_memory_CD8pos_T-S
GSM3319828	1003-Effector_memory_CD8pos_T-U
GSM3319829	1003-Effector_memory_CD8pos_T-S
GSM3319830	1003-Naive_CD8_T-U
GSM3319831	1003-Naive_CD8_T-S
GSM3319832	1003-Gamma_delta_T-U
GSM3319833	1003-Gamma_delta_T-S
GSM3319834	1003-Effector_CD4pos_T-U
GSM3319835	1003-Effector_CD4pos_T-S
GSM3319836	1003-Follicular_T_Helper-U
GSM3319837	1003-Follicular_T_Helper-S
GSM3319838	1003-Memory_Teffs-U
GSM3319839	1003-Memory_Teffs-S
GSM3319840	1003-Memory_Tregs-U
GSM3319841	1003-Memory_Tregs-S
GSM3319842	1003-Naive_Teffs-U
GSM3319843	1003-Naive_Teffs-S
GSM3319844	1003-Regulatory_T-U
GSM3319845	1003-Regulatory_T-S
GSM3319846	1003-Th1_precursors-U
GSM3319847	1003-Th1_precursors-S
GSM3319848	1003-Th17_precursors-U
GSM3319849	1003-Th17_precursors-S
GSM3319850	1003-Th2_precursors-U
GSM3319851	1003-Th2_precursors-S
GSM3319852	1003-Mature_NK-U
GSM3319853	1003-Mature_NK-S
GSM3319854	1003-Monocytes-U
GSM3319855	1003-Monocytes-S
GSM3319856	1004-Bulk_B-U
GSM3319857	1004-Mem_B-U
GSM3319858	1004-Naive_B-U
GSM3319859	1004-CD8pos_T-U
GSM3319860	1004-CD8pos_T-S
GSM3319861	1004-Central_memory_CD8pos_T-U
GSM3319862	1004-Central_memory_CD8pos_T-S
GSM3319863	1004-Effector_memory_CD8pos_T-U
GSM3319864	1004-Effector_memory_CD8pos_T-S
GSM3319865	1004-Naive_CD8_T-U
GSM3319866	1004-Naive_CD8_T-S
GSM3319867	1004-Gamma_delta_T-U
GSM3319868	1004-Gamma_delta_T-S
GSM3319869	1004-Effector_CD4pos_T-U
GSM3319870	1004-Effector_CD4pos_T-S
GSM3319871	1004-Follicular_T_Helper-U
GSM3319872	1004-Follicular_T_Helper-S
GSM3319873	1004-Memory_Teffs-U
GSM3319874	1004-Memory_Teffs-S
GSM3319875	1004-Memory_Tregs-U
GSM3319876	1004-Memory_Tregs-S
GSM3319877	1004-Naive_Teffs-U
GSM3319878	1004-Naive_Teffs-S
GSM3319879	1004-Naive_Tregs-U
GSM3319880	1004-Naive_Tregs-S
GSM3319881	1004-Regulatory_T-U
GSM3319882	1004-Th1_precursors-S
GSM3319883	1004-Th17_precursors-S
GSM3319884	1004-Th2_precursors-S
GSM3319885	1004-Mature_NK-U
GSM3319886	1004-Mature_NK-S
GSM3319887	1004-Monocytes-U
GSM3319888	1004-Monocytes-S
GSM3319889	1004-Myeloid_DCs-U
GSM3319890	1008-Monocytes-S
GSM3319891	1009-Naive_B-S
GSM3319892	1009-Naive_Teffs-S
GSM3319893	1009-Naive_Tregs-S
GSM3319894	1009-Mature_NK-S
GSM3319895	1009-Monocytes-S
GSM3319896	1010-Mem_B-U
GSM3319897	1010-Naive_B-U
GSM3319898	1010-Effector_CD4pos_T-U
GSM3319899	1010-Naive_Tregs-S
GSM3319900	1010-Th1_precursors-U
GSM3319901	1010-Th17_precursors-U
GSM3319902	1010-Th2_precursors-U
GSM3319903	1010-Immature_NK-U
GSM3319904	1010-Mature_NK-S
GSM3319905	1010-Monocytes-S
GSM3319906	1011-Naive_B-S
GSM3319907	1011-Naive_Teffs-S
GSM3319908	1011-Monocytes-S
